{
    "parameters": {
        "r0_b": 10.999999988170964,
        "r0_a": 2.99999879615514
    }
}