{
    "parameters": {
        "r0": {
            "e": 37.37471209027975,
            "d": -31.577501151100776,
            "b": 56.85906621733676,
            "a": -1.2597107218234271
        }
    }
}