{
    "parameters": {
        "r0": {
            "b": 10.999999682358526,
            "a": 2.9999968682757805
        }
    }
}